complex_name,uniprot_1,uniprot_2,uniprot_3,uniprot_4,uniprot_5,complex_key,symbol_1,symbol_2,symbol_3,symbol_4,symbol_5
Dehydroepiandrosterone_bySTS,Q8TF42,,,,,Q8TF42,UBS3B,,,,
DHEAsulfate_bySULT2B,P50225,,,,,P50225,ST1A1,,,,
Dihydrotestosterone_bySRD5A3,Q9H8P0,,,,,Q9H8P0,PORED,,,,
Dihydrotestosterone_bySRD5A1,P18405,,,,,P18405,S5A1,,,,
Dihydrotestosterone_bySRD5A2,P31213,,,,,P31213,S5A2,,,,
DHEAsulfate_bySULT1E1,P49888,,,,,P49888,ST1E1,,,,
DHEAsulfate_bySULT2A1,Q06520,,,,,Q06520,ST2A1,,,,
Desoxycorticosterone_byCYP21A2,P08686,,,,,P08686,CP21A,,,,
Desmosterol_byDHCR7,Q9UBM7,,,,,Q9UBM7,DHCR7,,,,
12oxoLeukotrieneB4_byPTGR1,Q14914,,,,,Q14914,PTGR1,,,,
22Hydroxycholesterol_byCYP11A1,P05108,,,,,P05108,CP11A,,,,
22Hydroxycholesterol_byCYP3A4,P08684,,,,,P08684,CP3A4,,,,
2arachidonoylglycerol_byDAGLA,Q9Y4D2,,,,,Q9Y4D2,DGLA,,,,
2arachidonoylglycerol_byDAGLB,Q8NCG7,,,,,Q8NCG7,DGLB,,,,
5alphaDihydroprogesterone_byDHRS9,Q9BPW9,,,,,Q9BPW9,DHRS9,,,,
5SHpETE_byALOX5,P09917,Q16873,P20292,,,P09917_P20292_Q16873,LOX5,LTC4S,AL5AP,,
Acetylcholine_byCHAT,P28329,,,,,P28329,CLAT,,,,
AcetylcholineReceptor_a2b3,Q15822,Q05901,,,,Q05901_Q15822,ACHA2,ACHB3,,,
AcetylcholineReceptor_a3b2a5,P32297,P17787,P30532,,,P17787_P30532_P32297,ACHA3,ACHB2,ACHA5,,
AcetylcholineReceptor_a3b4,P32297,P30926,,,,P30926_P32297,ACHA3,ACHB4,,,
AcetylcholineReceptor_a3b4a5,P32297,P30926,P30532,,,P30532_P30926_P32297,ACHA3,ACHB4,ACHA5,,
AcetylcholineReceptor_a4b2,P43681,P17787,,,,P17787_P43681,ACHA4,ACHB2,,,
AcetylcholineReceptor_a6a4b3,Q15825,P43681,Q05901,,,P43681_Q05901_Q15825,ACHA6,ACHA4,ACHB3,,
AcetylcholineReceptor_a6b3b4,Q15825,Q05901,P30926,,,P30926_Q05901_Q15825,ACHA6,ACHB3,ACHB4,,
Activin_ligand_ab,P08476,P09529,,,,P08476_P09529,INHBA,INHBB,,,
Inhibin_ligand_A,P08476,P05111,,,,P05111_P08476,INHBA,INHA,,,
Inhibin_ligand_B,P09529,P05111,,,,P05111_P09529,INHBB,INHA,,,
ACVL1_ACVR2A,P37023,P27037,,,,P27037_P37023,ACVL1,AVR2A,,,
ACVL1_BMPR2,P37023,Q13873,,,,P37023_Q13873,ACVL1,BMPR2,,,
ACVR_1A2A_receptor,Q04771,P27037,,,,P27037_Q04771,ACVR1,AVR2A,,,
ACVR_1A2B_receptor,Q04771,Q13705,,,,Q04771_Q13705,ACVR1,AVR2B,,,
ACVR_1B2A_receptor,P36896,P27037,,,,P27037_P36896,ACV1B,AVR2A,,,
ACVR_1B2B_receptor,P36896,Q13705,,,,P36896_Q13705,ACV1B,AVR2B,,,
ACVR_1C2A_receptor,Q8NER5,P27037,,,,P27037_Q8NER5,ACV1C,AVR2A,,,
ACVR_1C2B_receptor,Q8NER5,Q13705,,,,Q13705_Q8NER5,ACV1C,AVR2B,,,
ACVR1_BMPR2,Q04771,Q13873,,,,Q04771_Q13873,ACVR1,BMPR2,,,
ADR_complex,Q96A54,Q86V24,,,,Q86V24_Q96A54,ADR1,ADR2,,,
AldosteroneCorticosterone_byCYP11B2,P19099,,,,,P19099,C11B2,,,,
AMY1_receptor,P30988,O60894,,,,O60894_P30988,CALCR,RAMP1,,,
AMY2_receptor,P30988,O60895,,,,O60895_P30988,CALCR,RAMP2,,,
AMY3_receptor,P30988,O60896,,,,O60896_P30988,CALCR,RAMP3,,,
Androstenedione_byCYP17A1,P05093,,,,,P05093,CP17A,,,,
Androsterone_byHSD17B6,O14756,,,,,O14756,H17B6,,,,
atRetinoicAcid_byALDH1A1,P00352,,,,,P00352,AL1A1,,,,
atRetinoicAcid_byALDH1A2,O94788,,,,,O94788,AL1A2,,,,
atRetinoicAcid_byALDH1A3,P47895,,,,,P47895,AL1A3,,,,
BCR_CD45_CD22,P11274,P08575,P20273,,,P08575_P11274_P20273,BCR,PTPRC,CD22,,
BetaKlotho_FGFR4,P22455,Q86Z14,,,,P22455_Q86Z14,FGFR4,KLOTB,,,
BMP9_BMP15,Q9UK05,O95972,,,,O95972_Q9UK05,GDF2,BMP15,,,
BMPR1A_BMPR2,P36894,Q13873,,,,P36894_Q13873,BMR1A,BMPR2,,,
BMPR1B_BMPR2,O00238,Q13873,,,,O00238_Q13873,BMR1B,BMPR2,,,
BMPR1B_BMPR2_ACVR1B,O00238,Q13873,P36896,,,O00238_P36896_Q13873,BMR1B,BMPR2,ACV1B,,
BMR1A_ACR2A,P36894,P27037,,,,P27037_P36894,BMR1A,AVR2A,,,
BMR1A_AVR2B,P36894,Q13705,,,,P36894_Q13705,BMR1A,AVR2B,,,
BMR1B_AVR2A,O00238,P27037,,,,O00238_P27037,BMR1B,AVR2A,,,
BMR1B_AVR2B,O00238,Q13705,,,,O00238_Q13705,BMR1B,AVR2B,,,
Calcitriol_byCYP27B1,O15528,,,,,O15528,CP27B,,,,
CatSperChannel1b,Q8NEC5,Q9H7T0,,,,Q8NEC5_Q9H7T0,CTSR1,CTSRB,,,
CatSperChannel1dg,Q8NEC5,Q86XM0,,,,Q86XM0_Q8NEC5,CTSR1,CTSRD,,,
CatSperChannel2b,Q96P56,Q9H7T0,,,,Q96P56_Q9H7T0,CTSR2,CTSRB,,,
CatSperChannel2dg,Q96P56,Q86XM0,,,,Q86XM0_Q96P56,CTSR2,CTSRD,,,
CatSperChannel3b,Q86XQ3,Q9H7T0,,,,Q86XQ3_Q9H7T0,CTSR3,CTSRB,,,
CatSperChannel3dg,Q86XQ3,Q86XM0,,,,Q86XM0_Q86XQ3,CTSR3,CTSRD,,,
CatSperChannel4b,Q7RTX7,Q9H7T0,,,,Q7RTX7_Q9H7T0,CTSR4,CTSRB,,,
CatSperChannel4dg,Q7RTX7,Q86XM0,,,,Q7RTX7_Q86XM0,CTSR4,CTSRD,,,
CD1B_complex,P61769,P29016,,,,P29016_P61769,B2MG,CD1B,,,
CD8_receptor,P01732,P10966,,,,P01732_P10966,CD8A,CD8B,,,
CD94:NKG2A,Q13241,P26715,,,,P26715_Q13241,KLRD1,NKG2A,,,
CD94:NKG2C,Q13241,P26717,,,,P26717_Q13241,KLRD1,NKG2C,,,
CD94:NKG2E,Q13241,Q07444,,,,Q07444_Q13241,KLRD1,NKG2E,,,
Cholesterol_byCEL,P19835,,,,,P19835,CEL,,,,
Cholesterol_byDHCR24,Q15392,,,,,Q15392,DHC24,,,,
Cholesterol_byDHCR7,Q9UBM7,,,,,Q9UBM7,DHCR7,,,,
Cholesterol_byLIPA,P38571,,,,,P38571,LICH,,,,
CNTF_1R,P26992,P42702,P40189,,,P26992_P40189_P42702,CNTFR,LIFR,IL6RB,,
Corticosterone_byCYP11B1,P15538,,,,,P15538,C11B1,,,,
CUBN_AMN_complex,Q9BXJ7,O60494,,,,O60494_Q9BXJ7,AMNLS,CUBN,,,
Epinephrine_byPNMT,P11086,,,,,P11086,PNMT,,,,
Estradiol_byCYP19A1,P11511,,,,,P11511,CP19A,,,,
Estradiol_byHSD17B1,P14061,,,,,P14061,DHB1,,,,
FcRn_complex,P61769,P55899,,,,P55899_P61769,B2MG,FCGRN,,,
FDZ8_RYK,P34925,Q9H461,,,,P34925_Q9H461,RYK,FZD8,,,
fibrinogen,P02671,P02679,P02675,,,P02671_P02675_P02679,FIBA,FIBG,FIBB,,
FLT1_complex,P17948,P35968,,,,P17948_P35968,VGFR1,VGFR2,,,
Follitropin,P01215,P01225,,,,P01215_P01225,GLHA,FSHB,,,
FZD1_LRP5,O75197,Q9UP38,,,,O75197_Q9UP38,LRP5,FZD1,,,
FZD1_LRP6,O75581,Q9UP38,,,,O75581_Q9UP38,LRP6,FZD1,,,
FZD10_LRP5,O75197,Q9ULW2,,,,O75197_Q9ULW2,LRP5,FZD10,,,
FZD10_LRP6,O75581,Q9ULW2,,,,O75581_Q9ULW2,LRP6,FZD10,,,
FZD2_LRP5,O75197,Q14332,,,,O75197_Q14332,LRP5,FZD2,,,
FZD2_LRP6,O75581,Q14332,,,,O75581_Q14332,LRP6,FZD2,,,
FZD3_LRP5,O75197,Q9NPG1,,,,O75197_Q9NPG1,LRP5,FZD3,,,
FZD3_LRP6,O75581,Q9NPG1,,,,O75581_Q9NPG1,LRP6,FZD3,,,
FZD4_LRP5,O75197,Q9ULV1,,,,O75197_Q9ULV1,LRP5,FZD4,,,
FZD4_LRP6,O75581,Q9ULV1,,,,O75581_Q9ULV1,LRP6,FZD4,,,
FZD5_LRP5,O75197,Q13467,,,,O75197_Q13467,LRP5,FZD5,,,
FZD5_LRP6,O75581,Q13467,,,,O75581_Q13467,LRP6,FZD5,,,
FZD6_LRP5,O75197,O60353,,,,O60353_O75197,LRP5,FZD6,,,
FZD6_LRP6,O75581,O60353,,,,O60353_O75581,LRP6,FZD6,,,
FZD7_LRP5,O75197,O75084,,,,O75084_O75197,LRP5,FZD7,,,
FZD7_LRP6,O75581,O75084,,,,O75084_O75581,LRP6,FZD7,,,
FZD8_LRP5,O75197,Q9H461,,,,O75197_Q9H461,LRP5,FZD8,,,
FZD8_LRP6,O75581,Q9H461,,,,O75581_Q9H461,LRP6,FZD8,,,
FZD9_LRP5,O75197,O00144,,,,O00144_O75197,LRP5,FZD9,,,
FZD9_LRP6,O75581,O00144,,,,O00144_O75581,LRP6,FZD9,,,
GALR1,P47211,Q8TDV0,,,,P47211_Q8TDV0,GALR1,GP151,,,
GALR2,O43603,Q8TDV0,,,,O43603_Q8TDV0,GALR2,GP151,,,
GALR3,O60755,Q8TDV0,,,,O60755_Q8TDV0,GALR3,GP151,,,
glyco_Lutropin,P01215,P01229,,,,P01215_P01229,GLHA,LSHB,,,
Glycoprotein_Ib_complex,P07359,P13224,,,,P07359_P13224,GP1BA,GP1BB,,,
GMCSFR,P32927,P15509,,,,P15509_P32927,IL3RB,CSF2R,,,
Histamine_byHDC,P19113,,,,,P19113,DCHS,,,,
IGF1R_enhancerComGPC3,P08069,P51654,,,,P08069_P51654,IGF1R,GPC3,,,
IL1_receptor,P14778,Q9NPH3,,,,P14778_Q9NPH3,IL1R1,IL1AP,,,
IL1_receptor_inhibitor,P27930,Q9NPH3,,,,P27930_Q9NPH3,IL1R2,IL1AP,,,
IL10_receptor,Q13651,Q08334,,,,Q08334_Q13651,I10R1,I10R2,,,
IL11_receptor,Q14626,P40189,,,,P40189_Q14626,I11RA,IL6RB,,,
IL12,P29459,P29460,,,,P29459_P29460,IL12A,IL12B,,,
IL12_receptor,P42701,Q99665,,,,P42701_Q99665,I12R1,I12R2,,,
IL13_receptor,P78552,P24394,,,,P24394_P78552,I13R1,IL4RA,,,
IL15_receptor,Q13261,P14784,,,,P14784_Q13261,I15RA,IL2RB,,,
IL17_AF,Q16552,Q96PD4,,,,Q16552_Q96PD4,IL17,IL17F,,,
IL17_receptor_AB,Q96F46,Q9NRM6,,,,Q96F46_Q9NRM6,I17RA,I17RB,,,
IL17_receptor_AC,Q96F46,Q8NAC3,,,,Q8NAC3_Q96F46,I17RA,I17RC,,,
IL17_receptor_AE,Q96F46,Q8NFR9,,,,Q8NFR9_Q96F46,I17RA,I17RE,,,
IL18_receptor,Q13478,O95256,,,,O95256_Q13478,IL18R,I18RA,,,
IL2_receptor_HA,P01589,P14784,P31785,,,P01589_P14784_P31785,IL2RA,IL2RB,IL2RG,,
IL2_receptor_I,P14784,P31785,,,,P14784_P31785,IL2RB,IL2RG,,,
IL20_receptor_Type_I,Q9UHF4,Q6UXL0,,,,Q6UXL0_Q9UHF4,I20RA,I20RB,,,
IL20_receptor_Type_II,Q8N6P7,Q6UXL0,,,,Q6UXL0_Q8N6P7,I22R1,I20RB,,,
IL21_receptor,Q9HBE5,P31785,,,,P31785_Q9HBE5,IL21R,IL2RG,,,
IL22_receptor,Q8N6P7,Q08334,,,,Q08334_Q8N6P7,I22R1,I10R2,,,
IL23,P29460,Q9NPF7,,,,P29460_Q9NPF7,IL12B,IL23A,,,
IL23_receptor,P42701,Q5VWK5,,,,P42701_Q5VWK5,I12R1,IL23R,,,
IL26_receptor,Q9UHF4,Q08334,,,,Q08334_Q9UHF4,I20RA,I10R2,,,
IL27,Q14213,Q8NEV9,,,,Q14213_Q8NEV9,IL27B,IL27A,,,
IL27_receptor,Q6UWB1,P40189,,,,P40189_Q6UWB1,I27RA,IL6RB,,,
IL28_receptor,Q8IU57,Q08334,,,,Q08334_Q8IU57,INLR1,I10R2,,,
IL3_receptor,P32927,P26951,,,,P26951_P32927,IL3RB,IL3RA,,,
IL33_receptor,Q01638,Q9NPH3,,,,Q01638_Q9NPH3,ILRL1,IL1AP,,,
IL35,Q14213,P29459,,,,P29459_Q14213,IL27B,IL12A,,,
IL35_receptor,P40189,Q99665,,,,P40189_Q99665,IL6RB,I12R2,,,
IL36_receptor,Q9HB29,Q9NPH3,,,,Q9HB29_Q9NPH3,ILRL2,IL1AP,,,
IL37_receptor,Q13478,Q6IA17,,,,Q13478_Q6IA17,IL18R,SIGIR,,,
IL4_receptor,P31785,P24394,,,,P24394_P31785,IL2RG,IL4RA,,,
IL5_receptor,P32927,Q01344,,,,P32927_Q01344,IL3RB,IL5RA,,,
IL6_receptor,P08887,P40189,,,,P08887_P40189,IL6RA,IL6RB,,,
IL7_receptor,P16871,P31785,,,,P16871_P31785,IL7RA,IL2RG,,,
IL9_receptor,Q01113,P31785,,,,P31785_Q01113,IL9R,IL2RG,,,
integrin_a10b1_complex,P05556,O75578,,,,O75578_P05556,ITB1,ITA10,,,
integrin_a11b1_complex,P05556,Q9UKX5,,,,P05556_Q9UKX5,ITB1,ITA11,,,
integrin_a1b1_complex,P05556,P56199,,,,P05556_P56199,ITB1,ITA1,,,
integrin_a2b1_complex,P05556,P17301,,,,P05556_P17301,ITB1,ITA2,,,
integrin_a2Bb3_complex,P08514,P05106,,,,P05106_P08514,ITA2B,ITB3,,,
integrin_a3b1_complex,P05556,P26006,,,,P05556_P26006,ITB1,ITA3,,,
integrin_a4b1_complex,P05556,P13612,,,,P05556_P13612,ITB1,ITA4,,,
integrin_a4b7_complex,P26010,P13612,,,,P13612_P26010,ITB7,ITA4,,,
integrin_a5b1_complex,P05556,P08648,,,,P05556_P08648,ITB1,ITA5,,,
integrin_a6b1_complex,P05556,P23229,,,,P05556_P23229,ITB1,ITA6,,,
integrin_a6b4_complex,P16144,P23229,,,,P16144_P23229,ITB4,ITA6,,,
integrin_a7b1_complex,P05556,Q13683,,,,P05556_Q13683,ITB1,ITA7,,,
integrin_a8b1_complex,P05556,P53708,,,,P05556_P53708,ITB1,ITA8,,,
integrin_a9b1_complex,P05556,Q13797,,,,P05556_Q13797,ITB1,ITA9,,,
integrin_aDb2_complex,P05107,Q13349,,,,P05107_Q13349,ITB2,ITAD,,,
integrin_aEb7_complex,P26010,P38570,,,,P26010_P38570,ITB7,ITAE,,,
integrin_aLb2_complex,P05107,P20701,,,,P05107_P20701,ITB2,ITAL,,,
integrin_aMb2_complex,P05107,P11215,,,,P05107_P11215,ITB2,ITAM,,,
integrin_aVb1_complex,P05556,P06756,,,,P05556_P06756,ITB1,ITAV,,,
integrin_aVb3_complex,P06756,P05106,,,,P05106_P06756,ITAV,ITB3,,,
integrin_aVb5_complex,P18084,P06756,,,,P06756_P18084,ITB5,ITAV,,,
integrin_aVb6_complex,P06756,P18564,,,,P06756_P18564,ITAV,ITB6,,,
integrin_aVb8_complex,P26012,P06756,,,,P06756_P26012,ITB8,ITAV,,,
integrin_aXb2_complex,P20702,P05107,,,,P05107_P20702,ITAX,ITB2,,,
Klotho_FGFR1,P11362,Q9UEF7,,,,P11362_Q9UEF7,FGFR1,KLOT,,,
Kremen1_LRP6,Q96MU8,O75581,,,,O75581_Q96MU8,KREM1,LRP6,,,
Kremen2_LRP6,Q8NCW0,O75581,,,,O75581_Q8NCW0,KREM2,LRP6,,,
Ldopa_byTYR,P14679,,,,,P14679,TYRO,,,,
LeukotrieneB4_byLTA4H,P09960,,,,,P09960,LKHA4,,,,
LeukotrieneC4_byLTC4S,P20292,P09917,Q16873,,,P09917_P20292_Q16873,AL5AP,LOX5,LTC4S,,
LeukotrieneD4_byGGT1,P19440,P36269,,,,P19440_P36269,GGT1,GGT5,,,
LeukotrieneE4_byDPEP1,P16444,,,,,P16444,DPEP1,,,,
LeukotrieneE4_byDPEP2,Q9H4A9,,,,,Q9H4A9,DPEP2,,,,
LeukotrieneE4_byDPEP3,Q9H4B8,,,,,Q9H4B8,DPEP3,,,,
LIFR,P42702,P40189,,,,P40189_P42702,LIFR,IL6RB,,,
LipoxinA4_byALOX12,P18054,,,,,P18054,LOX12,,,,
LipoxinA4_byALOX5,P09917,P20292,Q16873,,,P09917_P20292_Q16873,LOX5,AL5AP,LTC4S,,
LRP4_MUSK_complex,O15146,O75096,,,,O15146_O75096,MUSK,LRP4,,,
Lthyroxine_byTPO,P07202,,,,,P07202,PERT,,,,
Melatonin_byASMT,P46597,,,,,P46597,ASMT,,,,
MIS_receptor_1,Q16671,P36894,,,,P36894_Q16671,AMHR2,BMR1A,,,
MIS_receptor_2,Q16671,O00238,,,,O00238_Q16671,AMHR2,BMR1B,,,
MIS_receptor_3,Q16671,Q04771,,,,Q04771_Q16671,AMHR2,ACVR1,,,
NKG2D_II_receptor,P26718,Q9UBK5,,,,P26718_Q9UBK5,NKG2D,HCST,,,
NODAL_receptor_IbIIa_CFC1,P36896,P27037,P0CG37,,,P0CG37_P27037_P36896,ACV1B,AVR2A,CFC1,,
NODAL_receptor_IbIIa_TDGF1,P36896,P27037,P13385,,,P13385_P27037_P36896,ACV1B,AVR2A,TDGF1,,
NODAL_receptor_IbIIb_CFC1,P36896,Q13705,P0CG37,,,P0CG37_P36896_Q13705,ACV1B,AVR2B,CFC1,,
NODAL_receptor_IbIIb_TDGF1,P36896,Q13705,P13385,,,P13385_P36896_Q13705,ACV1B,AVR2B,TDGF1,,
NODAL_receptor_IcIIb_CFC1,Q8NER5,Q13705,P0CG37,,,P0CG37_Q13705_Q8NER5,ACV1C,AVR2B,CFC1,,
NODAL_receptor_IcIIb_TDGF1,Q8NER5,Q13705,P13385,,,P13385_Q13705_Q8NER5,ACV1C,AVR2B,TDGF1,,
OSMR,Q99650,P40189,,,,P40189_Q99650,OSMR,IL6RB,,,
PDGFR_complex,P16234,P09619,,,,P09619_P16234,PGFRA,PGFRB,,,
pL1:Ezrin,P15311,P32004,,,,P15311_P32004,EZRI,L1CAM,,,
PlexinA1_complex1,Q9UIW2,P35968,,,,P35968_Q9UIW2,PLXA1,VGFR2,,,
PlexinA1_complex2,Q9UIW2,Q9NZC2,O43914,,,O43914_Q9NZC2_Q9UIW2,PLXA1,TREM2,TYOBP,,
PlexinA1_complex3,O14786,Q9UIW2,,,,O14786_Q9UIW2,NRP1,PLXA1,,,
PlexinA2_complex1,O14786,O75051,,,,O14786_O75051,NRP1,PLXA2,,,
PlexinA3_complex1,O14786,P51805,,,,O14786_P51805,NRP1,PLXA3,,,
PlexinA4_complex1,O14786,Q9HCM2,,,,O14786_Q9HCM2,NRP1,PLXA4,,,
Pregnenolone_byCYP11A1,P05108,Q6P4F2,P10109,P22570,,P05108_P10109_P22570_Q6P4F2,CP11A,FDX2,ADX,ADRO,
Progesterone_byHSD3B1,P14060,,,,,P14060,3BHS1,,,,
Prostacyclin_byPTGIS,Q16647,,,,,Q16647,PTGIS,,,,
ProstaglandinD2_byAKR1C3,P42330,,,,,P42330,AK1C3,,,,
ProstaglandinE2_byPTGES,O14684,,,,,O14684,PTGES,,,,
ProstaglandinE2_byPTGES2,Q9H7Z7,,,,,Q9H7Z7,PGES2,,,,
ProstaglandinE2_byPTGES3,Q15185,,,,,Q15185,TEBP,,,,
ProstaglandinF2a_byAKR1B1,P15121,,,,,P15121,ALDR,,,,
ProstaglandinF2a_byCBR1,P16152,,,,,P16152,CBR1,,,,
ProstaglandinF2a_byPRXL2B,Q8TBF2,,,,,Q8TBF2,PXL2B,,,,
PTCH_BOC_transmembrane_receptor,Q13635,Q9BWV1,,,,Q13635_Q9BWV1,PTC1,BOC,,,
PTCH_CDON_transmembrane_receptor,Q13635,Q4KMG0,,,,Q13635_Q4KMG0,PTC1,CDON,,,
PTCH_GAS1_transmembrane_receptor,Q13635,P54826,,,,P54826_Q13635,PTC1,GAS1,,,
PTCH2_BOC_transmembrane_receptor,Q9Y6C5,Q9BWV1,,,,Q9BWV1_Q9Y6C5,PTC2,BOC,,,
PTCH2_CDON_transmembrane_receptor,Q9Y6C5,Q4KMG0,,,,Q4KMG0_Q9Y6C5,PTC2,CDON,,,
PTCH2_GAS1_transmembrane_receptor,Q9Y6C5,P54826,,,,P54826_Q9Y6C5,PTC2,GAS1,,,
RAMP1_complex,Q16602,O60894,,,,O60894_Q16602,CALRL,RAMP1,,,
RAMP2_complex,Q16602,O60895,,,,O60895_Q16602,CALRL,RAMP2,,,
RAMP3_complex,O60896,Q16602,Q99527,,,O60896_Q16602_Q99527,RAMP3,CALRL,GPER1,,
RAreceptor_RXRA,P19793,P29373,,,,P19793_P29373,RXRA,RABP2,,,
RAreceptor_RXRB,P28702,P29373,,,,P28702_P29373,RXRB,RABP2,,,
RAreceptor_RXRG,P48443,P29373,,,,P29373_P48443,RXRG,RABP2,,,
RAreceptor_RARA,P10276,P29373,,,,P10276_P29373,RARA,RABP2,,,
RAreceptor_RARB,P10826,P29373,,,,P10826_P29373,RARB,RABP2,,,
RAreceptor_RARG,P13631,P29373,,,,P13631_P29373,RARG,RABP2,,,
RAreceptor_RARA_RXRA,P10276,P19793,P29373,,,P10276_P19793_P29373,RARA,RXRA,RABP2,,
RAreceptor_RARB_RXRB,P10826,P28702,P29373,,,P10826_P28702_P29373,RARB,RXRB,RABP2,,
RAreceptor_RARG_RXRG,P13631,P48443,P29373,,,P13631_P29373_P48443,RARG,RXRG,RABP2,,
RET_receptor_1,P07949,P56159,,,,P07949_P56159,RET,GFRA1,,,
RET_receptor_2,P07949,O00451,,,,O00451_P07949,RET,GFRA2,,,
RET_receptor_3,P07949,O60609,,,,O60609_P07949,RET,GFRA3,,,
RET_receptor_4,P07949,Q9GZZ7,,,,P07949_Q9GZZ7,RET,GFRA4,,,
SerotoninDopamin_byDDC,P20711,,,,,P20711,DDC,,,,
SIRB1_complex,O00241,O43914,,,,O00241_O43914,SIRB1,TYOBP,,,
SLC16A1_complex,P35613,P53985,,,,P35613_P53985,BASI,MOT1,,,
Testosterone_byAKR1D1,P51857,,,,,P51857,AK1D1,,,,
Testosterone_byHSD17B12,Q53GQ0,,,,,Q53GQ0,DHB12,,,,
Testosterone_byHSD17B3,P37058,,,,,P37058,DHB3,,,,
TGFbeta_receptor1,P36897,P37173,,,,P36897_P37173,TGFR1,TGFR2,,,
TGFbeta_receptor2,P37173,Q04771,,,,P37173_Q04771,TGFR2,ACVR1,,,
TGFR_AVR2A,P36897,P27037,,,,P27037_P36897,TGFR1,AVR2A,,,
TGFR_AVR2B,P36897,Q13705,,,,P36897_Q13705,TGFR1,AVR2B,,,
TGFR_BMPR2,P36897,Q13873,,,,P36897_Q13873,TGFR1,BMPR2,,,
ThromboxaneA2_byTBXAS1,P24557,,,,,P24557,THAS,,,,
Thyrostimulin,Q86YW7,Q96T91,,,,Q86YW7_Q96T91,GPHB5,GPHA2,,,
Thyrotropin,P01215,P01222,,,,P01215_P01222,GLHA,TSHB,,,
TREM2_receptor,Q9NZC2,O43914,,,,O43914_Q9NZC2,TREM2,TYOBP,,,
Triiodothyronine_byDIO3,P55073,P01266,,,,P01266_P55073,IOD3,THYG,,,
TSLPR,P16871,Q9HC73,,,,P16871_Q9HC73,IL7RA,CRLF2,,,
Type_I_IFNR,P17181,P48551,,,,P17181_P48551,INAR1,INAR2,,,
Type_II_IFNR,P15260,P38484,,,,P15260_P38484,INGR1,INGR2,,,
Type_III_IFNR,Q08334,Q8IU57,,,,Q08334_Q8IU57,I10R2,INLR1,,,
5-HT_byTPH1_and_SLC6A4,P17752,P31645,,,,P17752_P31645,TPH1,SC6A4,,,
5-HT_byTPH1_and_SLC18A1,P17752,P54219,,,,P17752_P54219,TPH1,VMAT1,,,
5-HT_byTPH1_and_SLC18A2,P17752,Q05940,,,,P17752_Q05940,TPH1,VMAT2,,,
5-HT_byTPH2_and_SLC6A4,Q8IWU9,P31645,,,,P31645_Q8IWU9,TPH2,SC6A4,,,
5-HT_byTPH2_and_SLC18A1,Q8IWU9,P54219,,,,P54219_Q8IWU9,TPH2,VMAT1,,,
5-HT_byTPH2_and_SLC18A2,Q8IWU9,Q05940,,,,Q05940_Q8IWU9,TPH2,VMAT2,,,
5HTR3_complex,P46098,O95264,Q8WXA8,Q70Z44,A5X5Y0,A5X5Y0_O95264_P46098_Q70Z44_Q8WXA8,5HT3A,5HT3B,5HT3C,5HT3D,5HT3E
Acetylcholine_byCHAT_and_SLC10A4,Q96EP9,P28329,,,,P28329_Q96EP9,NTCP4,CLAT,,,
Acetylcholine_byCHAT_and_SLC18A3,Q16572,P28329,,,,P28329_Q16572,VACHT,CLAT,,,
Acetylcholine_byCHAT_and_SLC5A7,Q9GZV3,P28329,,,,P28329_Q9GZV3,SC5A7,CLAT,,,
Adenosine_byNT5E_and_SLC29A1,Q99808,P21589,,,,P21589_Q99808,S29A1,5NTD,,,
Adenosine_byNT5E_and_SLC29A2,Q14542,P21589,,,,P21589_Q14542,S29A2,5NTD,,,
Adenosine_byNT5E_and_SLC29A3,Q9BZD2,P21589,,,,P21589_Q9BZD2,S29A3,5NTD,,,
Adenosine_byNT5E_and_SLC29A4,Q7RTT9,P21589,,,,P21589_Q7RTT9,S29A4,5NTD,,,
Adrenaline_byPNMT_and_SLC18A1,P11086,P54219,,,,P11086_P54219,PNMT,VMAT1,,,
Adrenaline_byPNMT_and_SLC18A2,P11086,Q05940,,,,P11086_Q05940,PNMT,VMAT2,,,
b-PEA_byDDC,P20711,,,,,P20711,DDC,,,,
b-Endorphin_byPOMC,P01189,,,,,P01189,COLI,,,,
Dopamine_byDDC_and_SLC6A3,P20711,Q01959,,,,P20711_Q01959,DDC,SC6A3,,,
Dopamine_byDDC_and_SLC18A1,P20711,P54219,,,,P20711_P54219,DDC,VMAT1,,,
Dopamine_byDDC_and_SLC18A2,P20711,Q05940,,,,P20711_Q05940,DDC,VMAT2,,,
GABA_byGAD1_and_SLC32A1,Q9H598,Q99259,,,,Q99259_Q9H598,VIAAT,DCE1,,,
GABA_byGAD1_and_SLC6A1,P30531,Q99259,,,,P30531_Q99259,SC6A1,DCE1,,,
GABA_byGAD1_and_SLC6A11,P48066,Q99259,,,,P48066_Q99259,S6A11,DCE1,,,
GABA_byGAD1_and_SLC6A12,P48065,Q99259,,,,P48065_Q99259,S6A12,DCE1,,,
GABA_byGAD1_and_SLC6A13,Q9NSD5,Q99259,,,,Q99259_Q9NSD5,S6A13,DCE1,,,
GABA_byGAD1_and_SLC6A6,P31641,Q99259,,,,P31641_Q99259,SC6A6,DCE1,,,
GABA_byGAD1_and_SLC6A8,P48029,Q99259,,,,P48029_Q99259,SC6A8,DCE1,,,
GABA_byGAD2_and_SLC32A1,Q9H598,Q05329,,,,Q05329_Q9H598,VIAAT,DCE2,,,
GABA_byGAD2_and_SLC6A1,P30531,Q05329,,,,P30531_Q05329,SC6A1,DCE2,,,
GABA_byGAD2_and_SLC6A11,P48066,Q05329,,,,P48066_Q05329,S6A11,DCE2,,,
GABA_byGAD2_and_SLC6A12,P48065,Q05329,,,,P48065_Q05329,S6A12,DCE2,,,
GABA_byGAD2_and_SLC6A13,Q9NSD5,Q05329,,,,Q05329_Q9NSD5,S6A13,DCE2,,,
GABA_byGAD2_and_SLC6A6,P31641,Q05329,,,,P31641_Q05329,SC6A6,DCE2,,,
GABA_byGAD2_and_SLC6A8,P48029,Q05329,,,,P48029_Q05329,SC6A8,DCE2,,,
GABA-A_a1b2_complex,P14867,P47870,,,,P14867_P47870,GBRA1,GBRB2,,,
GABA-A_a1b2g2S_complex,P14867,P47870,P18507,,,P14867_P18507_P47870,GBRA1,GBRB2,GBRG2,,
GABA-A_a1b2d_complex,P14867,P47870,O14764,,,O14764_P14867_P47870,GBRA1,GBRB2,GBRD,,
GABA-A_a1b3_complex,P14867,P28472,,,,P14867_P28472,GBRA1,GBRB3,,,
GABA-A_a1b3g2S_complex,P14867,P28472,P18507,,,P14867_P18507_P28472,GBRA1,GBRB3,GBRG2,,
GABA-A_a2b3g2S_complex,P47869,P28472,P18507,,,P18507_P28472_P47869,GBRA2,GBRB3,GBRG2,,
GABA-A_a3b3g2S_complex,P34903,P28472,P18507,,,P18507_P28472_P34903,GBRA3,GBRB3,GBRG2,,
GABA-A_a3b3e_complex,P34903,P28472,P78334,,,P28472_P34903_P78334,GBRA3,GBRB3,GBRE,,
GABA-A_a3b3o_complex,P34903,P28472,Q9UN88,,,P28472_P34903_Q9UN88,GBRA3,GBRB3,GBRT,,
GABA-A_a4b2d_complex,P48169,P47870,O14764,,,O14764_P47870_P48169,GBRA4,GBRB2,GBRD,,
GABA-A_a4b3g2S_complex,P48169,P28472,P18507,,,P18507_P28472_P48169,GBRA4,GBRB3,GBRG2,,
GABA-A_a4b3d_complex,P48169,P28472,O14764,,,O14764_P28472_P48169,GBRA4,GBRB3,GBRD,,
GABA-A_a5b3g2S_complex,P31644,P28472,P18507,,,P18507_P28472_P31644,GBRA5,GBRB3,GBRG2,,
GABA-A_a6b3g2S_complex,Q16445,P28472,P18507,,,P18507_P28472_Q16445,GBRA6,GBRB3,GBRG2,,
GABA-A_a6b3d_complex,Q16445,P28472,O14764,,,O14764_P28472_Q16445,GBRA6,GBRB3,GBRD,,
Glutamate_byGLS_and_SLC17A6,Q9P2U8,O94925,,,,O94925_Q9P2U8,VGLU2,GLSK,,,
Glutamate_byGLS_and_SLC17A7,Q9P2U7,O94925,,,,O94925_Q9P2U7,VGLU1,GLSK,,,
Glutamate_byGLS_and_SLC17A8,Q8NDX2,O94925,,,,O94925_Q8NDX2,VGLU3,GLSK,,,
Glutamate_byGLS_and_SLC1A1,P43005,O94925,,,,O94925_P43005,EAA3,GLSK,,,
Glutamate_byGLS_and_SLC1A2,P43004,O94925,,,,O94925_P43004,EAA2,GLSK,,,
Glutamate_byGLS_and_SLC1A3,P43003,O94925,,,,O94925_P43003,EAA1,GLSK,,,
Glutamate_byGLS_and_SLC1A6,P48664,O94925,,,,O94925_P48664,EAA4,GLSK,,,
Glutamate_byGLS_and_SLC1A7,O00341,O94925,,,,O00341_O94925,EAA5,GLSK,,,
Glutamate_byGLS2_and_SLC17A6,Q9P2U8,Q9UI32,,,,Q9P2U8_Q9UI32,VGLU2,GLSL,,,
Glutamate_byGLS2_and_SLC17A7,Q9P2U7,Q9UI32,,,,Q9P2U7_Q9UI32,VGLU1,GLSL,,,
Glutamate_byGLS2_and_SLC17A8,Q8NDX2,Q9UI32,,,,Q8NDX2_Q9UI32,VGLU3,GLSL,,,
Glutamate_byGLS2_and_SLC1A1,P43005,Q9UI32,,,,P43005_Q9UI32,EAA3,GLSL,,,
Glutamate_byGLS2_and_SLC1A2,P43004,Q9UI32,,,,P43004_Q9UI32,EAA2,GLSL,,,
Glutamate_byGLS2_and_SLC1A3,P43003,Q9UI32,,,,P43003_Q9UI32,EAA1,GLSL,,,
Glutamate_byGLS2_and_SLC1A6,P48664,Q9UI32,,,,P48664_Q9UI32,EAA4,GLSL,,,
Glutamate_byGLS2_and_SLC1A7,O00341,Q9UI32,,,,O00341_Q9UI32,EAA5,GLSL,,,
Glutamate_Kainate_1_4_complex,P39086,Q16099,,,,P39086_Q16099,GRIK1,GRIK4,,,
Glutamate_Kainate_1_5_complex,P39086,Q16478,,,,P39086_Q16478,GRIK1,GRIK5,,,
Glutamate_Kainate_2_4_complex,Q13002,Q16099,,,,Q13002_Q16099,GRIK2,GRIK4,,,
Glutamate_Kainate_2_5_complex,Q13002,Q16478,,,,Q13002_Q16478,GRIK2,GRIK5,,,
Glutamate_Kainate_3_4_complex,Q13003,Q16099,,,,Q13003_Q16099,GRIK3,GRIK4,,,
Glutamate_Kainate_3_5_complex,Q13003,Q16478,,,,Q13003_Q16478,GRIK3,GRIK5,,,
Glutamate_NMDA_1_2A_complex,Q05586,Q12879,,,,Q05586_Q12879,NMDZ1,NMDE1,,,
Glutamate_NMDA_1_2B_complex,Q05586,Q13224,,,,Q05586_Q13224,NMDZ1,NMDE2,,,
Glutamate_NMDA_1_2C_complex,Q05586,Q14957,,,,Q05586_Q14957,NMDZ1,NMDE3,,,
Glutamate_NMDA_1_2D_complex,Q05586,O15399,,,,O15399_Q05586,NMDZ1,NMDE4,,,
Glycine_bySHMT1_and_SLC6A5,Q9Y345,P34896,,,,P34896_Q9Y345,SC6A5,GLYC,,,
Glycine_bySHMT1_and_SLC6A9,P48067,P34896,,,,P34896_P48067,SC6A9,GLYC,,,
Glycine_bySHMT2_and_SLC6A5,Q9Y345,P34897,,,,P34897_Q9Y345,SC6A5,GLYM,,,
Glycine_bySHMT2_and_SLC6A9,P48067,P34897,,,,P34897_P48067,SC6A9,GLYM,,,
Glycine_a1b_complex,P23415,P48167,,,,P23415_P48167,GLRA1,GLRB,,,
Glycine_a2_complex,P23416,,,,,P23416,GLRA2,,,,
LTC4_byLTC4S,Q16873,,,,,Q16873,LTC4S,,,,
LTD4_byGGT1,P19440,,,,,P19440,GGT1,,,,
nAChR_(a1)2b1dg_complex,P02708,P11230,Q07001,P07510,,P02708_P07510_P11230_Q07001,ACHA,ACHB,ACHD,ACHG,
nAChR_(a1)2b1de_complex,P02708,P11230,Q07001,Q04844,,P02708_P11230_Q04844_Q07001,ACHA,ACHB,ACHD,ACHE,
nAChR_a7_complex,P36544,,,,,P36544,ACHA7,,,,
Noradrenaline_byDBH_and_SLC6A2,P09172,P23975,,,,P09172_P23975,DOPO,SC6A2,,,
Noradrenaline_byDBH_and_SLC18A1,P09172,P54219,,,,P09172_P54219,DOPO,VMAT1,,,
Noradrenaline_byDBH_and_SLC18A2,P09172,Q05940,,,,P09172_Q05940,DOPO,VMAT2,,,
NRXN1_CBLN1_complex,P58400,P23435,,,,P23435_P58400,NRX1B,CBLN1,,,
PGD2_byPTGDS,P41222,,,,,P41222,PTGDS,,,,
TENM2_FLRT1_complex,Q9NT68,Q9NZU1,,,,Q9NT68_Q9NZU1,TEN2,FLRT1,,,
TENM2_FLRT3_complex,Q9NT68,Q9NZU0,,,,Q9NT68_Q9NZU0,TEN2,FLRT3,,,
TENM3_FLRT1_complex,Q9P273,Q9NZU1,,,,Q9NZU1_Q9P273,TEN3,FLRT1,,,
TENM3_FLRT3_complex,Q9P273,Q9NZU0,,,,Q9NZU0_Q9P273,TEN3,FLRT3,,,
TENM4_FLRT1_complex,Q6N022,Q9NZU1,,,,Q6N022_Q9NZU1,TEN4,FLRT1,,,
TENM4_FLRT3_complex,Q6N022,Q9NZU0,,,,Q6N022_Q9NZU0,TEN4,FLRT3,,,
hCGB1_complex,A6NKQ9,P01215,,,,A6NKQ9_P01215,CGB1,GLHA,,,
hCGB2_complex,Q6NT52,P01215,,,,P01215_Q6NT52,CGB2,GLHA,,,
hCGB3_complex,P0DN86,P01215,,,,P01215_P0DN86,CGB3,GLHA,,,
hCGB7_complex,P0DN87,P01215,,,,P01215_P0DN87,CGB7,GLHA,,,
